<beans xmlns="http://www.springframework.org/schema/beans"
       xmlns:xsi="http://www.w3.org/2001/XMLSchema-instance"
       xmlns:context="http://www.springframework.org/schema/context"
       xmlns:mvc="http://www.springframework.org/schema/mvc" xmlns:tx="http://www.springframework.org/schema/tx"
       xmlns:task="http://www.springframework.org/schema/task"
       xsi:schemaLocation="http://www.springframework.org/schema/beans
        http://www.springframework.org/schema/beans/spring-beans.xsd
        http://www.springframework.org/schema/context http://www.springframework.org/schema/context/spring-context.xsd http://www.springframework.org/schema/mvc http://www.springframework.org/schema/mvc/spring-mvc.xsd http://www.springframework.org/schema/tx http://www.springframework.org/schema/tx/spring-tx.xsd http://www.springframework.org/schema/task http://www.springframework.org/schema/task/spring-task.xsd">

    <context:component-scan base-package="com.xjy.op"/>
    <mvc:annotation-driven/>

    <bean class="org.springframework.web.servlet.view.InternalResourceViewResolver">
        <property name="prefix" value="/WEB-INF/pages/"/>
        <property name="suffix" value=".jsp"/>
    </bean>

    <!-- 静态资源访问 -->
    <mvc:resources location="WEB-INF/pages/css/" mapping="/css/**"/>
    <mvc:resources location="WEB-INF/pages/js/" mapping="/js/**"/>
    <mvc:resources location="WEB-INF/pages/ueditor/" mapping="/ueditor/**"/>
    <mvc:resources location="WEB-INF/pages/ueditor/jsp/" mapping="/ueditor/jsp/**"/>
    <mvc:resources location="WEB-INF/pages/lib/" mapping="/lib/**"/>
    <mvc:resources location="WEB-INF/pages/image/" mapping="/image/**"/>
    <!--<mvc:default-servlet-handler />-->

    <bean id="dataSource" class="com.alibaba.druid.pool.DruidDataSource" destroy-method="close" init-method="init">
        <!--<property name="driverClassName" value="${jdbc.driverClassName}"/> Druid自动识别数据库并且加载驱动类-->
        <!-- 基本属性 url、user、password -->
        <property name="url" value="${jdbc.url}"/>
        <property name="username" value="${jdbc.username}"/>
        <property name="password" value="${jdbc.password}"/>
        <!-- 配置初始化大小、最小、最大 -->
        <property name="initialSize" value="1" />
        <property name="minIdle" value="1" />
        <property name="maxActive" value="20" />

        <!-- 配置获取连接等待超时的时间 -->
        <property name="maxWait" value="60000" />

        <!-- 配置间隔多久才进行一次检测，检测需要关闭的空闲连接，单位是毫秒 -->
        <property name="timeBetweenEvictionRunsMillis" value="60000" />

        <!-- 配置一个连接在池中最小生存的时间，单位是毫秒 -->
        <property name="minEvictableIdleTimeMillis" value="300000" />

        <property name="validationQuery" value="SELECT 'x'" />
        <property name="testWhileIdle" value="true" />
        <property name="testOnBorrow" value="false" />
        <property name="testOnReturn" value="false" />

        <!-- 打开PSCache，并且指定每个连接上PSCache的大小 -->
        <property name="poolPreparedStatements" value="true" />
        <property name="maxPoolPreparedStatementPerConnectionSize" value="20" />

        <!-- 配置监控统计拦截的filters -->
        <property name="filters" value="stat" />
    </bean>
    <!--配置事物-->
    <bean id="txManager"
          class="org.springframework.jdbc.datasource.DataSourceTransactionManager">
        <property name="dataSource" ref="dataSource" />
    </bean>
    <!--开启Annotation管理事物-->
    <tx:annotation-driven transaction-manager="txManager" />

    <bean id="coordinationController" class="com.xjy.op.web.CoordinationController">
        <property name="MAX_CHAT_HISTORY" value="20"/>
    </bean>

    <!--开启注释，使用定时任务和异步任务-->
    <task:annotation-driven executor="myExecutor" scheduler="myScheduler"/>
    <task:executor id="myExecutor" pool-size="5"/>
    <task:scheduler id="myScheduler" pool-size="10"/>

    <context:property-placeholder location="/WEB-INF/jdbc.properties"/>
</beans>